{
  "project_info": {
    "project_number": "733669216407",
    "project_id": "fcm-ass",
    "storage_bucket": "fcm-ass.firebasestorage.app"
  },
  "client": [
    {
      "client_info": {
        "mobilesdk_app_id": "1:733669216407:android:16430e7c811edd4f7cd9d2",
        "android_client_info": {
          "package_name": "com.assignment.fcm"
        }
      },
      "oauth_client": [],
      "api_key": [
        {
          "current_key": "AIzaSyDjw-qfKxleaNndsQSEROXY9bhT3vx-Lw4"
        }
      ],
      "services": {
        "appinvite_service": {
          "other_platform_oauth_client": []
        }
      }
    }
  ],
  "configuration_version": "1"
}